0,-90,-45
1,-90,-42
2,-90,-39
3,-90,-36
4,-90,-33
5,-90,-30
6,-90,-27
7,-90,-24
8,-90,-21
9,-90,-18
10,-90,-15
11,-90,-12
12,-90,-9
13,-90,-6
14,-90,-3
15,-90,0
16,-90,3
17,-90,6
18,-90,9
19,-90,12
20,-90,15
21,-90,18
22,-90,21
23,-90,24
24,-90,27
25,-90,30
26,-90,33
27,-90,36
28,-90,39
29,-90,42
30,-90,45
31,-87,-45
32,-87,-42
33,-87,-39
34,-87,-36
35,-87,-33
36,-87,-30
37,-87,-27
38,-87,-24
39,-87,-21
40,-87,-18
41,-87,-15
42,-87,-12
43,-87,-9
44,-87,-6
45,-87,-3
46,-87,0
47,-87,3
48,-87,6
49,-87,9
50,-87,12
51,-87,15
52,-87,18
53,-87,21
54,-87,24
55,-87,27
56,-87,30
57,-87,33
58,-87,36
59,-87,39
60,-87,42
61,-87,45
62,-84,-45
63,-84,-42
64,-84,-39
65,-84,-36
66,-84,-33
67,-84,-30
68,-84,-27
69,-84,-24
70,-84,-21
71,-84,-18
72,-84,-15
73,-84,-12
74,-84,-9
75,-84,-6
76,-84,-3
77,-84,0
78,-84,3
79,-84,6
80,-84,9
81,-84,12
82,-84,15
83,-84,18
84,-84,21
85,-84,24
86,-84,27
87,-84,30
88,-84,33
89,-84,36
90,-84,39
91,-84,42
92,-84,45
93,-81,-45
94,-81,-42
95,-81,-39
96,-81,-36
97,-81,-33
98,-81,-30
99,-81,-27
100,-81,-24
101,-81,-21
102,-81,-18
103,-81,-15
104,-81,-12
105,-81,-9
106,-81,-6
107,-81,-3
108,-81,0
109,-81,3
110,-81,6
111,-81,9
112,-81,12
113,-81,15
114,-81,18
115,-81,21
116,-81,24
117,-81,27
118,-81,30
119,-81,33
120,-81,36
121,-81,39
122,-81,42
123,-81,45
124,-78,-45
125,-78,-42
126,-78,-39
127,-78,-36
128,-78,-33
129,-78,-30
130,-78,-27
131,-78,-24
132,-78,-21
133,-78,-18
134,-78,-15
135,-78,-12
136,-78,-9
137,-78,-6
138,-78,-3
139,-78,0
140,-78,3
141,-78,6
142,-78,9
143,-78,12
144,-78,15
145,-78,18
146,-78,21
147,-78,24
148,-78,27
149,-78,30
150,-78,33
151,-78,36
152,-78,39
153,-78,42
154,-78,45
155,-75,-45
156,-75,-42
157,-75,-39
158,-75,-36
159,-75,-33
160,-75,-30
161,-75,-27
162,-75,-24
163,-75,-21
164,-75,-18
165,-75,-15
166,-75,-12
167,-75,-9
168,-75,-6
169,-75,-3
170,-75,0
171,-75,3
172,-75,6
173,-75,9
174,-75,12
175,-75,15
176,-75,18
177,-75,21
178,-75,24
179,-75,27
180,-75,30
181,-75,33
182,-75,36
183,-75,39
184,-75,42
185,-75,45
186,-72,-45
187,-72,-42
188,-72,-39
189,-72,-36
190,-72,-33
191,-72,-30
192,-72,-27
193,-72,-24
194,-72,-21
195,-72,-18
196,-72,-15
197,-72,-12
198,-72,-9
199,-72,-6
200,-72,-3
201,-72,0
202,-72,3
203,-72,6
204,-72,9
205,-72,12
206,-72,15
207,-72,18
208,-72,21
209,-72,24
210,-72,27
211,-72,30
212,-72,33
213,-72,36
214,-72,39
215,-72,42
216,-72,45
217,-69,-45
218,-69,-42
219,-69,-39
220,-69,-36
221,-69,-33
222,-69,-30
223,-69,-27
224,-69,-24
225,-69,-21
226,-69,-18
227,-69,-15
228,-69,-12
229,-69,-9
230,-69,-6
231,-69,-3
232,-69,0
233,-69,3
234,-69,6
235,-69,9
236,-69,12
237,-69,15
238,-69,18
239,-69,21
240,-69,24
241,-69,27
242,-69,30
243,-69,33
244,-69,36
245,-69,39
246,-69,42
247,-69,45
248,-66,-45
249,-66,-42
250,-66,-39
251,-66,-36
252,-66,-33
253,-66,-30
254,-66,-27
255,-66,-24
256,-66,-21
257,-66,-18
258,-66,-15
259,-66,-12
260,-66,-9
261,-66,-6
262,-66,-3
263,-66,0
264,-66,3
265,-66,6
266,-66,9
267,-66,12
268,-66,15
269,-66,18
270,-66,21
271,-66,24
272,-66,27
273,-66,30
274,-66,33
275,-66,36
276,-66,39
277,-66,42
278,-66,45
279,-63,-45
280,-63,-42
281,-63,-39
282,-63,-36
283,-63,-33
284,-63,-30
285,-63,-27
286,-63,-24
287,-63,-21
288,-63,-18
289,-63,-15
290,-63,-12
291,-63,-9
292,-63,-6
293,-63,-3
294,-63,0
295,-63,3
296,-63,6
297,-63,9
298,-63,12
299,-63,15
300,-63,18
301,-63,21
302,-63,24
303,-63,27
304,-63,30
305,-63,33
306,-63,36
307,-63,39
308,-63,42
309,-63,45
310,-60,-45
311,-60,-42
312,-60,-39
313,-60,-36
314,-60,-33
315,-60,-30
316,-60,-27
317,-60,-24
318,-60,-21
319,-60,-18
320,-60,-15
321,-60,-12
322,-60,-9
323,-60,-6
324,-60,-3
325,-60,0
326,-60,3
327,-60,6
328,-60,9
329,-60,12
330,-60,15
331,-60,18
332,-60,21
333,-60,24
334,-60,27
335,-60,30
336,-60,33
337,-60,36
338,-60,39
339,-60,42
340,-60,45
341,-57,-45
342,-57,-42
343,-57,-39
344,-57,-36
345,-57,-33
346,-57,-30
347,-57,-27
348,-57,-24
349,-57,-21
350,-57,-18
351,-57,-15
352,-57,-12
353,-57,-9
354,-57,-6
355,-57,-3
356,-57,0
357,-57,3
358,-57,6
359,-57,9
360,-57,12
361,-57,15
362,-57,18
363,-57,21
364,-57,24
365,-57,27
366,-57,30
367,-57,33
368,-57,36
369,-57,39
370,-57,42
371,-57,45
372,-54,-45
373,-54,-42
374,-54,-39
375,-54,-36
376,-54,-33
377,-54,-30
378,-54,-27
379,-54,-24
380,-54,-21
381,-54,-18
382,-54,-15
383,-54,-12
384,-54,-9
385,-54,-6
386,-54,-3
387,-54,0
388,-54,3
389,-54,6
390,-54,9
391,-54,12
392,-54,15
393,-54,18
394,-54,21
395,-54,24
396,-54,27
397,-54,30
398,-54,33
399,-54,36
400,-54,39
401,-54,42
402,-54,45
403,-51,-45
404,-51,-42
405,-51,-39
406,-51,-36
407,-51,-33
408,-51,-30
409,-51,-27
410,-51,-24
411,-51,-21
412,-51,-18
413,-51,-15
414,-51,-12
415,-51,-9
416,-51,-6
417,-51,-3
418,-51,0
419,-51,3
420,-51,6
421,-51,9
422,-51,12
423,-51,15
424,-51,18
425,-51,21
426,-51,24
427,-51,27
428,-51,30
429,-51,33
430,-51,36
431,-51,39
432,-51,42
433,-51,45
434,-48,-45
435,-48,-42
436,-48,-39
437,-48,-36
438,-48,-33
439,-48,-30
440,-48,-27
441,-48,-24
442,-48,-21
443,-48,-18
444,-48,-15
445,-48,-12
446,-48,-9
447,-48,-6
448,-48,-3
449,-48,0
450,-48,3
451,-48,6
452,-48,9
453,-48,12
454,-48,15
455,-48,18
456,-48,21
457,-48,24
458,-48,27
459,-48,30
460,-48,33
461,-48,36
462,-48,39
463,-48,42
464,-48,45
465,-45,-45
466,-45,-42
467,-45,-39
468,-45,-36
469,-45,-33
470,-45,-30
471,-45,-27
472,-45,-24
473,-45,-21
474,-45,-18
475,-45,-15
476,-45,-12
477,-45,-9
478,-45,-6
479,-45,-3
480,-45,0
481,-45,3
482,-45,6
483,-45,9
484,-45,12
485,-45,15
486,-45,18
487,-45,21
488,-45,24
489,-45,27
490,-45,30
491,-45,33
492,-45,36
493,-45,39
494,-45,42
495,-45,45
496,-42,-45
497,-42,-42
498,-42,-39
499,-42,-36
500,-42,-33
501,-42,-30
502,-42,-27
503,-42,-24
504,-42,-21
505,-42,-18
506,-42,-15
507,-42,-12
508,-42,-9
509,-42,-6
510,-42,-3
511,-42,0
512,-42,3
513,-42,6
514,-42,9
515,-42,12
516,-42,15
517,-42,18
518,-42,21
519,-42,24
520,-42,27
521,-42,30
522,-42,33
523,-42,36
524,-42,39
525,-42,42
526,-42,45
527,-39,-45
528,-39,-42
529,-39,-39
530,-39,-36
531,-39,-33
532,-39,-30
533,-39,-27
534,-39,-24
535,-39,-21
536,-39,-18
537,-39,-15
538,-39,-12
539,-39,-9
540,-39,-6
541,-39,-3
542,-39,0
543,-39,3
544,-39,6
545,-39,9
546,-39,12
547,-39,15
548,-39,18
549,-39,21
550,-39,24
551,-39,27
552,-39,30
553,-39,33
554,-39,36
555,-39,39
556,-39,42
557,-39,45
558,-36,-45
559,-36,-42
560,-36,-39
561,-36,-36
562,-36,-33
563,-36,-30
564,-36,-27
565,-36,-24
566,-36,-21
567,-36,-18
568,-36,-15
569,-36,-12
570,-36,-9
571,-36,-6
572,-36,-3
573,-36,0
574,-36,3
575,-36,6
576,-36,9
577,-36,12
578,-36,15
579,-36,18
580,-36,21
581,-36,24
582,-36,27
583,-36,30
584,-36,33
585,-36,36
586,-36,39
587,-36,42
588,-36,45
589,-33,-45
590,-33,-42
591,-33,-39
592,-33,-36
593,-33,-33
594,-33,-30
595,-33,-27
596,-33,-24
597,-33,-21
598,-33,-18
599,-33,-15
600,-33,-12
601,-33,-9
602,-33,-6
603,-33,-3
604,-33,0
605,-33,3
606,-33,6
607,-33,9
608,-33,12
609,-33,15
610,-33,18
611,-33,21
612,-33,24
613,-33,27
614,-33,30
615,-33,33
616,-33,36
617,-33,39
618,-33,42
619,-33,45
620,-30,-45
621,-30,-42
622,-30,-39
623,-30,-36
624,-30,-33
625,-30,-30
626,-30,-27
627,-30,-24
628,-30,-21
629,-30,-18
630,-30,-15
631,-30,-12
632,-30,-9
633,-30,-6
634,-30,-3
635,-30,0
636,-30,3
637,-30,6
638,-30,9
639,-30,12
640,-30,15
641,-30,18
642,-30,21
643,-30,24
644,-30,27
645,-30,30
646,-30,33
647,-30,36
648,-30,39
649,-30,42
650,-30,45
651,-27,-45
652,-27,-42
653,-27,-39
654,-27,-36
655,-27,-33
656,-27,-30
657,-27,-27
658,-27,-24
659,-27,-21
660,-27,-18
661,-27,-15
662,-27,-12
663,-27,-9
664,-27,-6
665,-27,-3
666,-27,0
667,-27,3
668,-27,6
669,-27,9
670,-27,12
671,-27,15
672,-27,18
673,-27,21
674,-27,24
675,-27,27
676,-27,30
677,-27,33
678,-27,36
679,-27,39
680,-27,42
681,-27,45
682,-24,-45
683,-24,-42
684,-24,-39
685,-24,-36
686,-24,-33
687,-24,-30
688,-24,-27
689,-24,-24
690,-24,-21
691,-24,-18
692,-24,-15
693,-24,-12
694,-24,-9
695,-24,-6
696,-24,-3
697,-24,0
698,-24,3
699,-24,6
700,-24,9
701,-24,12
702,-24,15
703,-24,18
704,-24,21
705,-24,24
706,-24,27
707,-24,30
708,-24,33
709,-24,36
710,-24,39
711,-24,42
712,-24,45
713,-21,-45
714,-21,-42
715,-21,-39
716,-21,-36
717,-21,-33
718,-21,-30
719,-21,-27
720,-21,-24
721,-21,-21
722,-21,-18
723,-21,-15
724,-21,-12
725,-21,-9
726,-21,-6
727,-21,-3
728,-21,0
729,-21,3
730,-21,6
731,-21,9
732,-21,12
733,-21,15
734,-21,18
735,-21,21
736,-21,24
737,-21,27
738,-21,30
739,-21,33
740,-21,36
741,-21,39
742,-21,42
743,-21,45
744,-18,-45
745,-18,-42
746,-18,-39
747,-18,-36
748,-18,-33
749,-18,-30
750,-18,-27
751,-18,-24
752,-18,-21
753,-18,-18
754,-18,-15
755,-18,-12
756,-18,-9
757,-18,-6
758,-18,-3
759,-18,0
760,-18,3
761,-18,6
762,-18,9
763,-18,12
764,-18,15
765,-18,18
766,-18,21
767,-18,24
768,-18,27
769,-18,30
770,-18,33
771,-18,36
772,-18,39
773,-18,42
774,-18,45
775,-15,-45
776,-15,-42
777,-15,-39
778,-15,-36
779,-15,-33
780,-15,-30
781,-15,-27
782,-15,-24
783,-15,-21
784,-15,-18
785,-15,-15
786,-15,-12
787,-15,-9
788,-15,-6
789,-15,-3
790,-15,0
791,-15,3
792,-15,6
793,-15,9
794,-15,12
795,-15,15
796,-15,18
797,-15,21
798,-15,24
799,-15,27
800,-15,30
801,-15,33
802,-15,36
803,-15,39
804,-15,42
805,-15,45
806,-12,-45
807,-12,-42
808,-12,-39
809,-12,-36
810,-12,-33
811,-12,-30
812,-12,-27
813,-12,-24
814,-12,-21
815,-12,-18
816,-12,-15
817,-12,-12
818,-12,-9
819,-12,-6
820,-12,-3
821,-12,0
822,-12,3
823,-12,6
824,-12,9
825,-12,12
826,-12,15
827,-12,18
828,-12,21
829,-12,24
830,-12,27
831,-12,30
832,-12,33
833,-12,36
834,-12,39
835,-12,42
836,-12,45
837,-9,-45
838,-9,-42
839,-9,-39
840,-9,-36
841,-9,-33
842,-9,-30
843,-9,-27
844,-9,-24
845,-9,-21
846,-9,-18
847,-9,-15
848,-9,-12
849,-9,-9
850,-9,-6
851,-9,-3
852,-9,0
853,-9,3
854,-9,6
855,-9,9
856,-9,12
857,-9,15
858,-9,18
859,-9,21
860,-9,24
861,-9,27
862,-9,30
863,-9,33
864,-9,36
865,-9,39
866,-9,42
867,-9,45
868,-6,-45
869,-6,-42
870,-6,-39
871,-6,-36
872,-6,-33
873,-6,-30
874,-6,-27
875,-6,-24
876,-6,-21
877,-6,-18
878,-6,-15
879,-6,-12
880,-6,-9
881,-6,-6
882,-6,-3
883,-6,0
884,-6,3
885,-6,6
886,-6,9
887,-6,12
888,-6,15
889,-6,18
890,-6,21
891,-6,24
892,-6,27
893,-6,30
894,-6,33
895,-6,36
896,-6,39
897,-6,42
898,-6,45
899,-3,-45
900,-3,-42
901,-3,-39
902,-3,-36
903,-3,-33
904,-3,-30
905,-3,-27
906,-3,-24
907,-3,-21
908,-3,-18
909,-3,-15
910,-3,-12
911,-3,-9
912,-3,-6
913,-3,-3
914,-3,0
915,-3,3
916,-3,6
917,-3,9
918,-3,12
919,-3,15
920,-3,18
921,-3,21
922,-3,24
923,-3,27
924,-3,30
925,-3,33
926,-3,36
927,-3,39
928,-3,42
929,-3,45
930,0,-45
931,0,-42
932,0,-39
933,0,-36
934,0,-33
935,0,-30
936,0,-27
937,0,-24
938,0,-21
939,0,-18
940,0,-15
941,0,-12
942,0,-9
943,0,-6
944,0,-3
945,0,0
946,0,3
947,0,6
948,0,9
949,0,12
950,0,15
951,0,18
952,0,21
953,0,24
954,0,27
955,0,30
956,0,33
957,0,36
958,0,39
959,0,42
960,0,45
961,3,-45
962,3,-42
963,3,-39
964,3,-36
965,3,-33
966,3,-30
967,3,-27
968,3,-24
969,3,-21
970,3,-18
971,3,-15
972,3,-12
973,3,-9
974,3,-6
975,3,-3
976,3,0
977,3,3
978,3,6
979,3,9
980,3,12
981,3,15
982,3,18
983,3,21
984,3,24
985,3,27
986,3,30
987,3,33
988,3,36
989,3,39
990,3,42
991,3,45
992,6,-45
993,6,-42
994,6,-39
995,6,-36
996,6,-33
997,6,-30
998,6,-27
999,6,-24
1000,6,-21
1001,6,-18
1002,6,-15
1003,6,-12
1004,6,-9
1005,6,-6
1006,6,-3
1007,6,0
1008,6,3
1009,6,6
1010,6,9
1011,6,12
1012,6,15
1013,6,18
1014,6,21
1015,6,24
1016,6,27
1017,6,30
1018,6,33
1019,6,36
1020,6,39
1021,6,42
1022,6,45
1023,9,-45
1024,9,-42
1025,9,-39
1026,9,-36
1027,9,-33
1028,9,-30
1029,9,-27
1030,9,-24
1031,9,-21
1032,9,-18
1033,9,-15
1034,9,-12
1035,9,-9
1036,9,-6
1037,9,-3
1038,9,0
1039,9,3
1040,9,6
1041,9,9
1042,9,12
1043,9,15
1044,9,18
1045,9,21
1046,9,24
1047,9,27
1048,9,30
1049,9,33
1050,9,36
1051,9,39
1052,9,42
1053,9,45
1054,12,-45
1055,12,-42
1056,12,-39
1057,12,-36
1058,12,-33
1059,12,-30
1060,12,-27
1061,12,-24
1062,12,-21
1063,12,-18
1064,12,-15
1065,12,-12
1066,12,-9
1067,12,-6
1068,12,-3
1069,12,0
1070,12,3
1071,12,6
1072,12,9
1073,12,12
1074,12,15
1075,12,18
1076,12,21
1077,12,24
1078,12,27
1079,12,30
1080,12,33
1081,12,36
1082,12,39
1083,12,42
1084,12,45
1085,15,-45
1086,15,-42
1087,15,-39
1088,15,-36
1089,15,-33
1090,15,-30
1091,15,-27
1092,15,-24
1093,15,-21
1094,15,-18
1095,15,-15
1096,15,-12
1097,15,-9
1098,15,-6
1099,15,-3
1100,15,0
1101,15,3
1102,15,6
1103,15,9
1104,15,12
1105,15,15
1106,15,18
1107,15,21
1108,15,24
1109,15,27
1110,15,30
1111,15,33
1112,15,36
1113,15,39
1114,15,42
1115,15,45
1116,18,-45
1117,18,-42
1118,18,-39
1119,18,-36
1120,18,-33
1121,18,-30
1122,18,-27
1123,18,-24
1124,18,-21
1125,18,-18
1126,18,-15
1127,18,-12
1128,18,-9
1129,18,-6
1130,18,-3
1131,18,0
1132,18,3
1133,18,6
1134,18,9
1135,18,12
1136,18,15
1137,18,18
1138,18,21
1139,18,24
1140,18,27
1141,18,30
1142,18,33
1143,18,36
1144,18,39
1145,18,42
1146,18,45
1147,21,-45
1148,21,-42
1149,21,-39
1150,21,-36
1151,21,-33
1152,21,-30
1153,21,-27
1154,21,-24
1155,21,-21
1156,21,-18
1157,21,-15
1158,21,-12
1159,21,-9
1160,21,-6
1161,21,-3
1162,21,0
1163,21,3
1164,21,6
1165,21,9
1166,21,12
1167,21,15
1168,21,18
1169,21,21
1170,21,24
1171,21,27
1172,21,30
1173,21,33
1174,21,36
1175,21,39
1176,21,42
1177,21,45
1178,24,-45
1179,24,-42
1180,24,-39
1181,24,-36
1182,24,-33
1183,24,-30
1184,24,-27
1185,24,-24
1186,24,-21
1187,24,-18
1188,24,-15
1189,24,-12
1190,24,-9
1191,24,-6
1192,24,-3
1193,24,0
1194,24,3
1195,24,6
1196,24,9
1197,24,12
1198,24,15
1199,24,18
1200,24,21
1201,24,24
1202,24,27
1203,24,30
1204,24,33
1205,24,36
1206,24,39
1207,24,42
1208,24,45
1209,27,-45
1210,27,-42
1211,27,-39
1212,27,-36
1213,27,-33
1214,27,-30
1215,27,-27
1216,27,-24
1217,27,-21
1218,27,-18
1219,27,-15
1220,27,-12
1221,27,-9
1222,27,-6
1223,27,-3
1224,27,0
1225,27,3
1226,27,6
1227,27,9
1228,27,12
1229,27,15
1230,27,18
1231,27,21
1232,27,24
1233,27,27
1234,27,30
1235,27,33
1236,27,36
1237,27,39
1238,27,42
1239,27,45
1240,30,-45
1241,30,-42
1242,30,-39
1243,30,-36
1244,30,-33
1245,30,-30
1246,30,-27
1247,30,-24
1248,30,-21
1249,30,-18
1250,30,-15
1251,30,-12
1252,30,-9
1253,30,-6
1254,30,-3
1255,30,0
1256,30,3
1257,30,6
1258,30,9
1259,30,12
1260,30,15
1261,30,18
1262,30,21
1263,30,24
1264,30,27
1265,30,30
1266,30,33
1267,30,36
1268,30,39
1269,30,42
1270,30,45
1271,33,-45
1272,33,-42
1273,33,-39
1274,33,-36
1275,33,-33
1276,33,-30
1277,33,-27
1278,33,-24
1279,33,-21
1280,33,-18
1281,33,-15
1282,33,-12
1283,33,-9
1284,33,-6
1285,33,-3
1286,33,0
1287,33,3
1288,33,6
1289,33,9
1290,33,12
1291,33,15
1292,33,18
1293,33,21
1294,33,24
1295,33,27
1296,33,30
1297,33,33
1298,33,36
1299,33,39
1300,33,42
1301,33,45
1302,36,-45
1303,36,-42
1304,36,-39
1305,36,-36
1306,36,-33
1307,36,-30
1308,36,-27
1309,36,-24
1310,36,-21
1311,36,-18
1312,36,-15
1313,36,-12
1314,36,-9
1315,36,-6
1316,36,-3
1317,36,0
1318,36,3
1319,36,6
1320,36,9
1321,36,12
1322,36,15
1323,36,18
1324,36,21
1325,36,24
1326,36,27
1327,36,30
1328,36,33
1329,36,36
1330,36,39
1331,36,42
1332,36,45
1333,39,-45
1334,39,-42
1335,39,-39
1336,39,-36
1337,39,-33
1338,39,-30
1339,39,-27
1340,39,-24
1341,39,-21
1342,39,-18
1343,39,-15
1344,39,-12
1345,39,-9
1346,39,-6
1347,39,-3
1348,39,0
1349,39,3
1350,39,6
1351,39,9
1352,39,12
1353,39,15
1354,39,18
1355,39,21
1356,39,24
1357,39,27
1358,39,30
1359,39,33
1360,39,36
1361,39,39
1362,39,42
1363,39,45
1364,42,-45
1365,42,-42
1366,42,-39
1367,42,-36
1368,42,-33
1369,42,-30
1370,42,-27
1371,42,-24
1372,42,-21
1373,42,-18
1374,42,-15
1375,42,-12
1376,42,-9
1377,42,-6
1378,42,-3
1379,42,0
1380,42,3
1381,42,6
1382,42,9
1383,42,12
1384,42,15
1385,42,18
1386,42,21
1387,42,24
1388,42,27
1389,42,30
1390,42,33
1391,42,36
1392,42,39
1393,42,42
1394,42,45
1395,45,-45
1396,45,-42
1397,45,-39
1398,45,-36
1399,45,-33
1400,45,-30
1401,45,-27
1402,45,-24
1403,45,-21
1404,45,-18
1405,45,-15
1406,45,-12
1407,45,-9
1408,45,-6
1409,45,-3
1410,45,0
1411,45,3
1412,45,6
1413,45,9
1414,45,12
1415,45,15
1416,45,18
1417,45,21
1418,45,24
1419,45,27
1420,45,30
1421,45,33
1422,45,36
1423,45,39
1424,45,42
1425,45,45
1426,48,-45
1427,48,-42
1428,48,-39
1429,48,-36
1430,48,-33
1431,48,-30
1432,48,-27
1433,48,-24
1434,48,-21
1435,48,-18
1436,48,-15
1437,48,-12
1438,48,-9
1439,48,-6
1440,48,-3
1441,48,0
1442,48,3
1443,48,6
1444,48,9
1445,48,12
1446,48,15
1447,48,18
1448,48,21
1449,48,24
1450,48,27
1451,48,30
1452,48,33
1453,48,36
1454,48,39
1455,48,42
1456,48,45
1457,51,-45
1458,51,-42
1459,51,-39
1460,51,-36
1461,51,-33
1462,51,-30
1463,51,-27
1464,51,-24
1465,51,-21
1466,51,-18
1467,51,-15
1468,51,-12
1469,51,-9
1470,51,-6
1471,51,-3
1472,51,0
1473,51,3
1474,51,6
1475,51,9
1476,51,12
1477,51,15
1478,51,18
1479,51,21
1480,51,24
1481,51,27
1482,51,30
1483,51,33
1484,51,36
1485,51,39
1486,51,42
1487,51,45
1488,54,-45
1489,54,-42
1490,54,-39
1491,54,-36
1492,54,-33
1493,54,-30
1494,54,-27
1495,54,-24
1496,54,-21
1497,54,-18
1498,54,-15
1499,54,-12
1500,54,-9
1501,54,-6
1502,54,-3
1503,54,0
1504,54,3
1505,54,6
1506,54,9
1507,54,12
1508,54,15
1509,54,18
1510,54,21
1511,54,24
1512,54,27
1513,54,30
1514,54,33
1515,54,36
1516,54,39
1517,54,42
1518,54,45
1519,57,-45
1520,57,-42
1521,57,-39
1522,57,-36
1523,57,-33
1524,57,-30
1525,57,-27
1526,57,-24
1527,57,-21
1528,57,-18
1529,57,-15
1530,57,-12
1531,57,-9
1532,57,-6
1533,57,-3
1534,57,0
1535,57,3
1536,57,6
1537,57,9
1538,57,12
1539,57,15
1540,57,18
1541,57,21
1542,57,24
1543,57,27
1544,57,30
1545,57,33
1546,57,36
1547,57,39
1548,57,42
1549,57,45
1550,60,-45
1551,60,-42
1552,60,-39
1553,60,-36
1554,60,-33
1555,60,-30
1556,60,-27
1557,60,-24
1558,60,-21
1559,60,-18
1560,60,-15
1561,60,-12
1562,60,-9
1563,60,-6
1564,60,-3
1565,60,0
1566,60,3
1567,60,6
1568,60,9
1569,60,12
1570,60,15
1571,60,18
1572,60,21
1573,60,24
1574,60,27
1575,60,30
1576,60,33
1577,60,36
1578,60,39
1579,60,42
1580,60,45
1581,63,-45
1582,63,-42
1583,63,-39
1584,63,-36
1585,63,-33
1586,63,-30
1587,63,-27
1588,63,-24
1589,63,-21
1590,63,-18
1591,63,-15
1592,63,-12
1593,63,-9
1594,63,-6
1595,63,-3
1596,63,0
1597,63,3
1598,63,6
1599,63,9
1600,63,12
1601,63,15
1602,63,18
1603,63,21
1604,63,24
1605,63,27
1606,63,30
1607,63,33
1608,63,36
1609,63,39
1610,63,42
1611,63,45
1612,66,-45
1613,66,-42
1614,66,-39
1615,66,-36
1616,66,-33
1617,66,-30
1618,66,-27
1619,66,-24
1620,66,-21
1621,66,-18
1622,66,-15
1623,66,-12
1624,66,-9
1625,66,-6
1626,66,-3
1627,66,0
1628,66,3
1629,66,6
1630,66,9
1631,66,12
1632,66,15
1633,66,18
1634,66,21
1635,66,24
1636,66,27
1637,66,30
1638,66,33
1639,66,36
1640,66,39
1641,66,42
1642,66,45
1643,69,-45
1644,69,-42
1645,69,-39
1646,69,-36
1647,69,-33
1648,69,-30
1649,69,-27
1650,69,-24
1651,69,-21
1652,69,-18
1653,69,-15
1654,69,-12
1655,69,-9
1656,69,-6
1657,69,-3
1658,69,0
1659,69,3
1660,69,6
1661,69,9
1662,69,12
1663,69,15
1664,69,18
1665,69,21
1666,69,24
1667,69,27
1668,69,30
1669,69,33
1670,69,36
1671,69,39
1672,69,42
1673,69,45
1674,72,-45
1675,72,-42
1676,72,-39
1677,72,-36
1678,72,-33
1679,72,-30
1680,72,-27
1681,72,-24
1682,72,-21
1683,72,-18
1684,72,-15
1685,72,-12
1686,72,-9
1687,72,-6
1688,72,-3
1689,72,0
1690,72,3
1691,72,6
1692,72,9
1693,72,12
1694,72,15
1695,72,18
1696,72,21
1697,72,24
1698,72,27
1699,72,30
1700,72,33
1701,72,36
1702,72,39
1703,72,42
1704,72,45
1705,75,-45
1706,75,-42
1707,75,-39
1708,75,-36
1709,75,-33
1710,75,-30
1711,75,-27
1712,75,-24
1713,75,-21
1714,75,-18
1715,75,-15
1716,75,-12
1717,75,-9
1718,75,-6
1719,75,-3
1720,75,0
1721,75,3
1722,75,6
1723,75,9
1724,75,12
1725,75,15
1726,75,18
1727,75,21
1728,75,24
1729,75,27
1730,75,30
1731,75,33
1732,75,36
1733,75,39
1734,75,42
1735,75,45
1736,78,-45
1737,78,-42
1738,78,-39
1739,78,-36
1740,78,-33
1741,78,-30
1742,78,-27
1743,78,-24
1744,78,-21
1745,78,-18
1746,78,-15
1747,78,-12
1748,78,-9
1749,78,-6
1750,78,-3
1751,78,0
1752,78,3
1753,78,6
1754,78,9
1755,78,12
1756,78,15
1757,78,18
1758,78,21
1759,78,24
1760,78,27
1761,78,30
1762,78,33
1763,78,36
1764,78,39
1765,78,42
1766,78,45
1767,81,-45
1768,81,-42
1769,81,-39
1770,81,-36
1771,81,-33
1772,81,-30
1773,81,-27
1774,81,-24
1775,81,-21
1776,81,-18
1777,81,-15
1778,81,-12
1779,81,-9
1780,81,-6
1781,81,-3
1782,81,0
1783,81,3
1784,81,6
1785,81,9
1786,81,12
1787,81,15
1788,81,18
1789,81,21
1790,81,24
1791,81,27
1792,81,30
1793,81,33
1794,81,36
1795,81,39
1796,81,42
1797,81,45
1798,84,-45
1799,84,-42
1800,84,-39
1801,84,-36
1802,84,-33
1803,84,-30
1804,84,-27
1805,84,-24
1806,84,-21
1807,84,-18
1808,84,-15
1809,84,-12
1810,84,-9
1811,84,-6
1812,84,-3
1813,84,0
1814,84,3
1815,84,6
1816,84,9
1817,84,12
1818,84,15
1819,84,18
1820,84,21
1821,84,24
1822,84,27
1823,84,30
1824,84,33
1825,84,36
1826,84,39
1827,84,42
1828,84,45
1829,87,-45
1830,87,-42
1831,87,-39
1832,87,-36
1833,87,-33
1834,87,-30
1835,87,-27
1836,87,-24
1837,87,-21
1838,87,-18
1839,87,-15
1840,87,-12
1841,87,-9
1842,87,-6
1843,87,-3
1844,87,0
1845,87,3
1846,87,6
1847,87,9
1848,87,12
1849,87,15
1850,87,18
1851,87,21
1852,87,24
1853,87,27
1854,87,30
1855,87,33
1856,87,36
1857,87,39
1858,87,42
1859,87,45
1860,90,-45
1861,90,-42
1862,90,-39
1863,90,-36
1864,90,-33
1865,90,-30
1866,90,-27
1867,90,-24
1868,90,-21
1869,90,-18
1870,90,-15
1871,90,-12
1872,90,-9
1873,90,-6
1874,90,-3
1875,90,0
1876,90,3
1877,90,6
1878,90,9
1879,90,12
1880,90,15
1881,90,18
1882,90,21
1883,90,24
1884,90,27
1885,90,30
1886,90,33
1887,90,36
1888,90,39
1889,90,42
1890,90,45
